faq_id,question,answer,source_url,last_verified
faq_001,What types of properties are available for lease with Aqaar?,"Aqaar offers a range of leasing options, including residential apartments, commercial offices, and retail spaces across Ajman. You can browse available units on our website or visit our leasing office for assistance.",https://www.aqaar.com/faq,2026-06-24
faq_002,How can I apply for a lease?,"You can apply online through our website or the Aqaar Ajman mobile app by selecting your desired unit and submitting the required documents. Alternatively, you can visit our leasing office for in-person assistance.",https://www.aqaar.com/faq,2026-06-24
faq_003,What documents are required to lease a unit?,The required documents typically include: ; Emirates ID (for UAE residents) or Passport with valid visa (for non-residents); Proof of income (salary certificate or bank statement); Post-dated cheques for rent payments; Trade license and company documents (for commercial leases) Specific requirements may vary by property.,https://www.aqaar.com/faq,2026-06-24
faq_004,What is the minimum lease term?,"The standard lease term for residential and commercial properties is 12 months , unless otherwise specified in the lease agreement.",https://www.aqaar.com/faq,2026-06-24
faq_005,What payment methods does Aqaar accept for rent?,We accept: ; Post-dated cheques (for the agreed number of installments); Online payments via the Aqaar Ajman mobile app,https://www.aqaar.com/faq,2026-06-24
faq_006,How can I hand over my cheques if I lease or renew my contract online?,"; You can drop off your cheques in person at the Aqaar office during business hours.; Alternatively, you can choose a free courier pickup service from anywhere in the UAE.",https://www.aqaar.com/faq,2026-06-24
faq_007,Are there any additional fees apart from rent?,"Yes, in addition to rent, tenants must pay a security deposit , which is refundable at the end of the lease .",https://www.aqaar.com/faq,2026-06-24
faq_008,Can I pay my rent in multiple installments?,"Yes, rent payment plans vary depending on the lease agreement. Aqaar offers flexible installment options , typically 2, 4, or 6 cheques for residential leases.",https://www.aqaar.com/faq,2026-06-24
faq_009,How do I report a maintenance issue?,"Tenants can report maintenance requests through the Aqaar Ajman mobile app or via the website , allowing easy tracking and direct communication with our maintenance team.",https://www.aqaar.com/faq,2026-06-24
faq_010,Is AC maintenance included in my lease?,"For some properties, AC maintenance is included . Please check your lease agreement for details.",https://www.aqaar.com/faq,2026-06-24
faq_011,"Is there any cost for the initial maintenance, and how long does it take?",; The initial maintenance is free of cost and includes essential fixes required before move-in.; It will be completed within 20 days from the date of signing the lease contract.; Please note that the lease contract will officially start after 20 days from the signing date.,https://www.aqaar.com/faq,2026-06-24
faq_012,How can I renew my lease?,Lease renewal notices are sent two months before the contract expiration date . You can renew through: ; The Aqaar Ajman mobile app ; Our leasing office ; Customer service support,https://www.aqaar.com/faq,2026-06-24
faq_013,What is the notice period for vacating a unit?,Tenants must provide a 60-day written notice before the lease expiration if they do not wish to renew.,https://www.aqaar.com/faq,2026-06-24
faq_014,What happens if I need to terminate my lease early?,"Early termination is subject to a penalty , which may include one or two months' rent , depending on your lease terms.",https://www.aqaar.com/faq,2026-06-24
faq_015,Is my lease contract registered with ARRA?,"Yes, all lease agreements are registered with Ajman Real Estate Regulatory Agency (ARRA) to ensure compliance with local rental laws.",https://www.aqaar.com/faq,2026-06-24
faq_016,Can I sublease my unit?,Subleasing is strictly prohibited unless explicitly approved by Aqaar in writing.,https://www.aqaar.com/faq,2026-06-24
faq_017,What happens if I fail to pay rent on time?,"Late payments may result in: ; A late payment penalty , as per the lease agreement; Legal action or eviction notices in case of continued non-payment",https://www.aqaar.com/faq,2026-06-24
faq_018,How do I contact Aqaar for leasing inquiries?,"You can reach us through: ; Website : www.aqaar.com ; Mobile App : Aqaar Ajman ; Leasing Office : 1st Floor, Grand Mall - Sheikh Khalifa Bin Zayed St - Ajman, UAE ; Customer Support : ; Phone / WhatsApp : 600515155 ; Email : info@aqaar.com",https://www.aqaar.com/faq,2026-06-24
