asset_id,asset_type,title,url,project,developer,source_page
asset_1,image,favicon.ico,https://www.aqaar.com/favicon.ico,unknown,Aqaar,https://www.aqaar.com/sitemap-0.xml
asset_2,image,property-img-1.webp,http://localhost:3200/public/images/property-img-1.webp,unknown,Aqaar,https://www.aqaar.com/server-sitemap.xml
asset_3,image,og-images.png,https://www.aqaar.com/images/og-images.png,unknown,Aqaar,https://www.aqaar.com/
asset_4,image,property-img-1.webp,https://www.aqaar.com/images/property-img-1.webp,unknown,Aqaar,https://www.aqaar.com/
project_image_ccb8dd4b_0ad1_e811_a2b8_00155d119707,image,Ajman Corniche Residences primary image,https://res.cloudinary.com/dotdjffbb/image/upload/q_auto/f_auto/v1728617872/Aqaar/Main%20Portal/community/images/Ajman_Corniche_Residences/408411956-1728617872.jpg,Ajman Corniche Residences,Aqaar,https://prodadmin-aqaar.realcube.estate/api/globalSearch?search=Ajman%20Corniche%20Residences&pageNumber=1&pageSize=100
project_image_2eb8dd4b_0ad1_e811_a2b8_00155d119707,image,Ajman One primary image,https://res.cloudinary.com/dotdjffbb/image/upload/q_auto/f_auto/v1727932428/Aqaar/Main%20Portal/community/images/Ajman_One/Artboard%204-1727932428.png,Ajman One,Aqaar,https://prodadmin-aqaar.realcube.estate/api/globalSearch?search=Ajman%20One&pageNumber=1&pageSize=100
project_image_22796319_20da_ee11_a2bf_00155d119841,image,Ajman One - PH II primary image,https://res.cloudinary.com/dotdjffbb/image/upload/q_auto/f_auto/v1728877145/Aqaar/Main%20Portal/community/images/Ajman_One_PH_II/02-BEDROOM%2003-1728877145.jpg,Ajman One - PH II,Aqaar,https://prodadmin-aqaar.realcube.estate/api/globalSearch?search=Ajman%20One%20-%20PH%20II&pageNumber=1&pageSize=100
project_image_7f307ab5_a6a9_ea11_a2c3_00155d119619,image,Ajman Pearl primary image,https://res.cloudinary.com/dotdjffbb/image/upload/q_auto/f_auto/v1728629177/Aqaar/Main%20Portal/community/images/Ajman_Pearl/4333-1728629177.png,Ajman Pearl,Aqaar,https://prodadmin-aqaar.realcube.estate/api/globalSearch?search=Ajman%20Pearl&pageNumber=1&pageSize=100
project_image_f6b7dd4b_0ad1_e811_a2b8_00155d119707,image,Al Andalus 4 primary image,https://res.cloudinary.com/dotdjffbb/image/upload/q_auto/f_auto/v1728629764/Aqaar/Main%20Portal/community/images/Al_Andalus_4/_DSC1988-1728629764.jpg,Al Andalus 4,Aqaar,https://prodadmin-aqaar.realcube.estate/api/globalSearch?search=Al%20Andalus%204&pageNumber=1&pageSize=100
project_image_96b8dd4b_0ad1_e811_a2b8_00155d119707,image,Al Arabi Building primary image,https://res.cloudinary.com/dotdjffbb/image/upload/q_auto/f_auto/v1728554493/Aqaar/Main%20Portal/community/images/Al_Arabi_Building/_DSC1783-1728554493.jpg,Al Arabi Building,Aqaar,https://prodadmin-aqaar.realcube.estate/api/globalSearch?search=Al%20Arabi%20Building&pageNumber=1&pageSize=100
project_image_3ab8dd4b_0ad1_e811_a2b8_00155d119707,image,Al Berouj 1 primary image,https://res.cloudinary.com/dotdjffbb/image/upload/q_auto/f_auto/v1728879447/Aqaar/Main%20Portal/community/images/Al_Berouj_1/B1-1728879447.png,Al Berouj 1,Aqaar,https://prodadmin-aqaar.realcube.estate/api/globalSearch?search=Al%20Berouj%201&pageNumber=1&pageSize=100
project_image_3cb8dd4b_0ad1_e811_a2b8_00155d119707,image,Al Berouj 2 primary image,https://res.cloudinary.com/dotdjffbb/image/upload/q_auto/f_auto/v1728879604/Aqaar/Main%20Portal/community/images/Al_Berouj_2/_DSC1835-1728879604.jpg,Al Berouj 2,Aqaar,https://prodadmin-aqaar.realcube.estate/api/globalSearch?search=Al%20Berouj%202&pageNumber=1&pageSize=100
project_image_3eb8dd4b_0ad1_e811_a2b8_00155d119707,image,Al Berouj 3 primary image,https://res.cloudinary.com/dotdjffbb/image/upload/q_auto/f_auto/v1728555812/Aqaar/Main%20Portal/community/images/Al_Berouj_3/_DSC1822-1728555811.jpg,Al Berouj 3,Aqaar,https://prodadmin-aqaar.realcube.estate/api/globalSearch?search=Al%20Berouj%203&pageNumber=1&pageSize=100
project_image_40b8dd4b_0ad1_e811_a2b8_00155d119707,image,Al Berouj 4 primary image,https://res.cloudinary.com/dotdjffbb/image/upload/q_auto/f_auto/v1728555856/Aqaar/Main%20Portal/community/images/Al_Berouj_4/_DSC1830-1728555854.jpg,Al Berouj 4,Aqaar,https://prodadmin-aqaar.realcube.estate/api/globalSearch?search=Al%20Berouj%204&pageNumber=1&pageSize=100
project_image_ecb7dd4b_0ad1_e811_a2b8_00155d119707,image,Al Bustan primary image,https://res.cloudinary.com/dotdjffbb/image/upload/q_auto/f_auto/v1728555369/Aqaar/Main%20Portal/community/images/Al_Bustan/_DSC1799-1728555368.jpg,Al Bustan,Aqaar,https://prodadmin-aqaar.realcube.estate/api/globalSearch?search=Al%20Bustan&pageNumber=1&pageSize=100
project_image_e6b7dd4b_0ad1_e811_a2b8_00155d119707,image,Al Dana primary image,https://res.cloudinary.com/dotdjffbb/image/upload/q_auto/f_auto/v1737006149/Aqaar/Main%20Portal/community/images/Al_Dana/swx-1737006149.jpg,Al Dana,Aqaar,https://prodadmin-aqaar.realcube.estate/api/globalSearch?search=Al%20Dana&pageNumber=1&pageSize=100
project_image_feb7dd4b_0ad1_e811_a2b8_00155d119707,image,Al Durra primary image,https://res.cloudinary.com/dotdjffbb/image/upload/q_auto/f_auto/v1737005510/Aqaar/Main%20Portal/community/images/Al_Durra/%D9%84%D9%82%D8%B7%D8%A9%20%D8%B4%D8%A7%D8%B4%D8%A9%202025-01-16%20092934-1737005510.png,Al Durra,Aqaar,https://prodadmin-aqaar.realcube.estate/api/globalSearch?search=Al%20Durra&pageNumber=1&pageSize=100
project_image_b0b8dd4b_0ad1_e811_a2b8_00155d119707,image,Al Fazzan primary image,https://res.cloudinary.com/dotdjffbb/image/upload/q_auto/f_auto/v1728901697/Aqaar/Main%20Portal/community/images/Al_Fazzan/fazaan-1728901697.png,Al Fazzan,Aqaar,https://prodadmin-aqaar.realcube.estate/api/globalSearch?search=Al%20Fazzan&pageNumber=1&pageSize=100
project_image_f4502104_adbf_ec11_a2bf_00155d119927,image,Al Gharoub primary image,https://res.cloudinary.com/dotdjffbb/image/upload/q_auto/f_auto/v1726688026/Aqaar/Main%20Portal/community/images/Al_Gharoub/PSX_20220117_220500-min-1726688026.jpg,Al Gharoub,Aqaar,https://prodadmin-aqaar.realcube.estate/api/globalSearch?search=Al%20Gharoub&pageNumber=1&pageSize=100
project_image_e8b7dd4b_0ad1_e811_a2b8_00155d119707,image,Al Itihad primary image,https://res.cloudinary.com/dotdjffbb/image/upload/q_auto/f_auto/v1728877248/Aqaar/Main%20Portal/community/images/Al_Itihad/image00014-1728877248.jpg,Al Itihad,Aqaar,https://prodadmin-aqaar.realcube.estate/api/globalSearch?search=Al%20Itihad&pageNumber=1&pageSize=100
project_image_a6b8dd4b_0ad1_e811_a2b8_00155d119707,image,Al Johara primary image,https://res.cloudinary.com/dotdjffbb/image/upload/q_auto/f_auto/v1728630500/Aqaar/Main%20Portal/community/images/Al_Johara/WhatsApp%20Image%202024-10-11%20at%2010.53.04%20AM-1728630500.jpg,Al Johara,Aqaar,https://prodadmin-aqaar.realcube.estate/api/globalSearch?search=Al%20Johara&pageNumber=1&pageSize=100
project_image_24b8dd4b_0ad1_e811_a2b8_00155d119707,image,Al Jurf 1 primary image,https://res.cloudinary.com/dotdjffbb/image/upload/q_auto/f_auto/v1728623993/Aqaar/Main%20Portal/community/images/Al_Jurf_1/_DSC1876-1728623993.jpg,Al Jurf 1,Aqaar,https://prodadmin-aqaar.realcube.estate/api/globalSearch?search=Al%20Jurf%201&pageNumber=1&pageSize=100
project_image_26b8dd4b_0ad1_e811_a2b8_00155d119707,image,Al Jurf 2 primary image,https://res.cloudinary.com/dotdjffbb/image/upload/q_auto/f_auto/v1728624029/Aqaar/Main%20Portal/community/images/Al_Jurf_2/_DSC1870-1728624029.jpg,Al Jurf 2,Aqaar,https://prodadmin-aqaar.realcube.estate/api/globalSearch?search=Al%20Jurf%202&pageNumber=1&pageSize=100
project_image_22b8dd4b_0ad1_e811_a2b8_00155d119707,image,Al Jurf 3 primary image,https://res.cloudinary.com/dotdjffbb/image/upload/q_auto/f_auto/v1728623951/Aqaar/Main%20Portal/community/images/Al_Jurf_3/_DSC1907-1728623951.jpg,Al Jurf 3,Aqaar,https://prodadmin-aqaar.realcube.estate/api/globalSearch?search=Al%20Jurf%203&pageNumber=1&pageSize=100
project_image_2ab8dd4b_0ad1_e811_a2b8_00155d119707,image,Al Jurf Complex primary image,https://res.cloudinary.com/dotdjffbb/image/upload/q_auto/f_auto/v1728624259/Aqaar/Main%20Portal/community/images/Al_Jurf_Complex/_DSC1884-1728624259.jpg,Al Jurf Complex,Aqaar,https://prodadmin-aqaar.realcube.estate/api/globalSearch?search=Al%20Jurf%20Complex&pageNumber=1&pageSize=100
project_image_20b8dd4b_0ad1_e811_a2b8_00155d119707,image,Al Jurf Residential Villas primary image,https://res.cloudinary.com/dotdjffbb/image/upload/q_auto/f_auto/v1728624104/Aqaar/Main%20Portal/community/images/Al_Jurf_Residential_Villas/_DSC1938-1728624104.jpg,Al Jurf Residential Villas,Aqaar,https://prodadmin-aqaar.realcube.estate/api/globalSearch?search=Al%20Jurf%20Residential%20Villas&pageNumber=1&pageSize=100
project_image_a2b8dd4b_0ad1_e811_a2b8_00155d119707,image,Al Jurf Show Room 1 primary image,https://res.cloudinary.com/dotdjffbb/image/upload/q_auto/f_auto/v1728624514/Aqaar/Main%20Portal/community/images/Al_Jurf_Show_Room_1/_DSC1892-1728624513.jpg,Al Jurf Show Room 1,Aqaar,https://prodadmin-aqaar.realcube.estate/api/globalSearch?search=Al%20Jurf%20Show%20Room%201&pageNumber=1&pageSize=100
project_image_a4b8dd4b_0ad1_e811_a2b8_00155d119707,image,Al Jurf Show Room 2 primary image,https://res.cloudinary.com/dotdjffbb/image/upload/q_auto/f_auto/v1728624546/Aqaar/Main%20Portal/community/images/Al_Jurf_Show_Room_2/_DSC1894-1728624546.jpg,Al Jurf Show Room 2,Aqaar,https://prodadmin-aqaar.realcube.estate/api/globalSearch?search=Al%20Jurf%20Show%20Room%202&pageNumber=1&pageSize=100
project_image_1cb8dd4b_0ad1_e811_a2b8_00155d119707,image,Al Jurf Villas primary image,https://res.cloudinary.com/dotdjffbb/image/upload/q_auto/f_auto/v1728881854/Aqaar/Main%20Portal/community/images/Al_Jurf_Villas/_DSC1895-1728881854.jpg,Al Jurf Villas,Aqaar,https://prodadmin-aqaar.realcube.estate/api/globalSearch?search=Al%20Jurf%20Villas&pageNumber=1&pageSize=100
project_image_1eb8dd4b_0ad1_e811_a2b8_00155d119707,image,Al Jurf Villas 2 primary image,https://res.cloudinary.com/dotdjffbb/image/upload/q_auto/f_auto/v1728881930/Aqaar/Main%20Portal/community/images/Al_Jurf_Villas_2/_DSC1899-1728881930.jpg,Al Jurf Villas 2,Aqaar,https://prodadmin-aqaar.realcube.estate/api/globalSearch?search=Al%20Jurf%20Villas%202&pageNumber=1&pageSize=100
project_image_8aed16b5_4982_ec11_a2bf_00155d119927,image,Al Karama primary image,https://res.cloudinary.com/dotdjffbb/image/upload/q_auto/f_auto/v1728300482/Aqaar/Main%20Portal/community/images/Al_Karama/_DSC1656-1728300481.jpg,Al Karama,Aqaar,https://prodadmin-aqaar.realcube.estate/api/globalSearch?search=Al%20Karama&pageNumber=1&pageSize=100
project_image_9cb8dd4b_0ad1_e811_a2b8_00155d119707,image,Al Madina Tower primary image,https://res.cloudinary.com/dotdjffbb/image/upload/q_auto/f_auto/v1728555758/Aqaar/Main%20Portal/community/images/Al_Madina_Tower/Al%20Suwan-1728555758.png,Al Madina Tower,Aqaar,https://prodadmin-aqaar.realcube.estate/api/globalSearch?search=Al%20Madina%20Tower&pageNumber=1&pageSize=100
project_image_7cb8dd4b_0ad1_e811_a2b8_00155d119707,image,Al Manama Buildings primary image,https://res.cloudinary.com/dotdjffbb/image/upload/q_auto/f_auto/v1728877509/Aqaar/Main%20Portal/community/images/Al_Manama_Buildings/WhatsApp%20Image%202024-10-11%20at%2011.27.32%20AM-1728877509.jpg,Al Manama Buildings,Aqaar,https://prodadmin-aqaar.realcube.estate/api/globalSearch?search=Al%20Manama%20Buildings&pageNumber=1&pageSize=100
project_image_48b8dd4b_0ad1_e811_a2b8_00155d119707,image,Al Manama Old Clinic primary image,https://res.cloudinary.com/dotdjffbb/image/upload/q_auto/f_auto/v1728631043/Aqaar/Main%20Portal/community/images/Al_Manama_Old_Clinic/WhatsApp%20Image%202024-10-11%20at%209.43.15%20AM-1728631043.png,Al Manama Old Clinic,Aqaar,https://prodadmin-aqaar.realcube.estate/api/globalSearch?search=Al%20Manama%20Old%20Clinic&pageNumber=1&pageSize=100
project_image_0ab8dd4b_0ad1_e811_a2b8_00155d119707,image,Al Manara primary image,https://res.cloudinary.com/dotdjffbb/image/upload/q_auto/f_auto/v1737008266/Aqaar/Main%20Portal/community/images/Al_Manara/wwwwwww-1737008266.jpg,Al Manara,Aqaar,https://prodadmin-aqaar.realcube.estate/api/globalSearch?search=Al%20Manara&pageNumber=1&pageSize=100
project_image_12b8dd4b_0ad1_e811_a2b8_00155d119707,image,Al Monaliza primary image,https://res.cloudinary.com/dotdjffbb/image/upload/q_auto/f_auto/v1728554405/Aqaar/Main%20Portal/community/images/Al_Monaliza/_DSC1844-1728554404.jpg,Al Monaliza,Aqaar,https://prodadmin-aqaar.realcube.estate/api/globalSearch?search=Al%20Monaliza&pageNumber=1&pageSize=100
project_image_b2b8dd4b_0ad1_e811_a2b8_00155d119707,image,Al Musalla Building (Kempinski) primary image,https://res.cloudinary.com/dotdjffbb/image/upload/q_auto/f_auto/v1728881044/Aqaar/Main%20Portal/community/images/Al_Musalla_Building_%28Kempinski%29/876-1728881044.png,Al Musalla Building (Kempinski),Aqaar,https://prodadmin-aqaar.realcube.estate/api/globalSearch?search=Al%20Musalla%20%20Building%20(Kempinski)&pageNumber=1&pageSize=100
project_image_00b8dd4b_0ad1_e811_a2b8_00155d119707,image,Al Muthaf primary image,https://res.cloudinary.com/dotdjffbb/image/upload/q_auto/f_auto/v1737008445/Aqaar/Main%20Portal/community/images/Al_Muthaf/lkkmdslg%2CZXDF-1737008445.jpg,Al Muthaf,Aqaar,https://prodadmin-aqaar.realcube.estate/api/globalSearch?search=Al%20Muthaf&pageNumber=1&pageSize=100
project_image_fcb7dd4b_0ad1_e811_a2b8_00155d119707,image,Al Nakheel 1 primary image,https://res.cloudinary.com/dotdjffbb/image/upload/q_auto/f_auto/v1728554227/Aqaar/Main%20Portal/community/images/Al_Nakheel_1/_DSC1863-1728554227.jpg,Al Nakheel 1,Aqaar,https://prodadmin-aqaar.realcube.estate/api/globalSearch?search=Al%20Nakheel%201&pageNumber=1&pageSize=100
project_image_29eb4220_c77d_ec11_a2ca_00155d119619,image,Al Nakheel 2 primary image,https://res.cloudinary.com/dotdjffbb/image/upload/q_auto/f_auto/v1728474654/Aqaar/Main%20Portal/community/images/Al_Nakheel_2/_DSC1634-1728474654.jpg,Al Nakheel 2,Aqaar,https://prodadmin-aqaar.realcube.estate/api/globalSearch?search=Al%20Nakheel%202&pageNumber=1&pageSize=100
project_image_06b8dd4b_0ad1_e811_a2b8_00155d119707,image,Al Nasr primary image,https://res.cloudinary.com/dotdjffbb/image/upload/q_auto/f_auto/v1728554039/Aqaar/Main%20Portal/community/images/Al_Nasr/_DSC1856-1728554038.jpg,Al Nasr,Aqaar,https://prodadmin-aqaar.realcube.estate/api/globalSearch?search=Al%20Nasr&pageNumber=1&pageSize=100
project_image_28b8dd4b_0ad1_e811_a2b8_00155d119707,image,Al Nuaimia Complex primary image,https://res.cloudinary.com/dotdjffbb/image/upload/q_auto/f_auto/v1728300124/Aqaar/Main%20Portal/community/images/Al_Nuaimia_Complex/_DSC1482-1728300124.jpg,Al Nuaimia Complex,Aqaar,https://prodadmin-aqaar.realcube.estate/api/globalSearch?search=Al%20Nuaimia%20Complex&pageNumber=1&pageSize=100
project_image_9eb8dd4b_0ad1_e811_a2b8_00155d119707,image,Al Ofoq Tower primary image,https://res.cloudinary.com/dotdjffbb/image/upload/q_auto/f_auto/v1728475099/Aqaar/Main%20Portal/community/images/Al_Ofoq_Tower/_DSC1459-1728475099.jpg,Al Ofoq Tower,Aqaar,https://prodadmin-aqaar.realcube.estate/api/globalSearch?search=Al%20Ofoq%20Tower&pageNumber=1&pageSize=100
project_image_f0d34484_309f_ee11_a2bf_00155d119841,image,Al Rumaila 1 primary image,https://res.cloudinary.com/dotdjffbb/image/upload/q_auto/f_auto/v1737005431/Aqaar/Main%20Portal/community/images/Al_Rumaila_1/%D9%84%D9%82%D8%B7%D8%A9%20%D8%B4%D8%A7%D8%B4%D8%A9%202025-01-16%20090942-1737005430.png,Al Rumaila 1,Aqaar,https://prodadmin-aqaar.realcube.estate/api/globalSearch?search=Al%20Rumaila%201&pageNumber=1&pageSize=100
project_image_18b8dd4b_0ad1_e811_a2b8_00155d119707,image,Al Rumailah primary image,https://res.cloudinary.com/dotdjffbb/image/upload/q_auto/f_auto/v1737008332/Aqaar/Main%20Portal/community/images/Al_Rumailah/159440b8-e8d8-4294-8ebb-2798bed8271e-1737008331.jpg,Al Rumailah,Aqaar,https://prodadmin-aqaar.realcube.estate/api/globalSearch?search=Al%20Rumailah&pageNumber=1&pageSize=100
project_image_86b8dd4b_0ad1_e811_a2b8_00155d119707,image,Al Rumailah New Villas primary image,https://res.cloudinary.com/dotdjffbb/image/upload/q_auto/f_auto/v1728629932/Aqaar/Main%20Portal/community/images/Al_Rumailah_New_Villas/WhatsApp%20Image%202024-10-11%20at%209.44.10%20AM-1728629932.jpg,Al Rumailah New Villas,Aqaar,https://prodadmin-aqaar.realcube.estate/api/globalSearch?search=Al%20Rumailah%20New%20Villas&pageNumber=1&pageSize=100
project_image_11f6f9c7_d27d_ec11_a2ca_00155d119619,image,Al Sediq primary image,https://res.cloudinary.com/dotdjffbb/image/upload/q_auto/f_auto/v1728473513/Aqaar/Main%20Portal/community/images/Al_Sediq/_DSC1645-1728473512.jpg,Al Sediq,Aqaar,https://prodadmin-aqaar.realcube.estate/api/globalSearch?search=Al%20Sediq&pageNumber=1&pageSize=100
project_image_32b8dd4b_0ad1_e811_a2b8_00155d119707,image,Al Shahba primary image,https://res.cloudinary.com/dotdjffbb/image/upload/q_auto/f_auto/v1728630715/Aqaar/Main%20Portal/community/images/Al_Shahba/Alshahba%20%281%29-1728630714.jpg,Al Shahba,Aqaar,https://prodadmin-aqaar.realcube.estate/api/globalSearch?search=Al%20Shahba&pageNumber=1&pageSize=100
project_image_90b8dd4b_0ad1_e811_a2b8_00155d119707,image,Al Sheikh Humaid Building (Abu-Dhabi) primary image,https://res.cloudinary.com/dotdjffbb/image/upload/q_auto/f_auto/v1728625514/Aqaar/Main%20Portal/community/images/Al_Sheikh_Humaid_Building_%28Abu_Dhabi%29/auxaux-1728625514.jpg,Al Sheikh Humaid Building (Abu-Dhabi),Aqaar,https://prodadmin-aqaar.realcube.estate/api/globalSearch?search=Al%20Sheikh%20Humaid%20Building%20(Abu-Dhabi)&pageNumber=1&pageSize=100
project_image_b4b8dd4b_0ad1_e811_a2b8_00155d119707,image,Al Sheikha Fatima Building (Abu-Dhabi) primary image,https://res.cloudinary.com/dotdjffbb/image/upload/q_auto/f_auto/v1728625624/Aqaar/Main%20Portal/community/images/Al_Sheikha_Fatima_Building_%28Abu_Dhabi%29/aux%202-1728625623.jpg,Al Sheikha Fatima Building (Abu-Dhabi),Aqaar,https://prodadmin-aqaar.realcube.estate/api/globalSearch?search=Al%20Sheikha%20Fatima%20Building%20(Abu-Dhabi)&pageNumber=1&pageSize=100
project_image_44f00817_9e49_eb11_a2c6_00155d119619,image,Al Shorouq primary image,https://res.cloudinary.com/dotdjffbb/image/upload/q_auto/f_auto/v1728554526/Aqaar/Main%20Portal/community/images/Al_Shorouq/_DSC1965-1728554526.jpg,Al Shorouq,Aqaar,https://prodadmin-aqaar.realcube.estate/api/globalSearch?search=Al%20Shorouq&pageNumber=1&pageSize=100
project_image_0eb8dd4b_0ad1_e811_a2b8_00155d119707,image,Al Suwan primary image,https://res.cloudinary.com/dotdjffbb/image/upload/q_auto/f_auto/v1728555726/Aqaar/Main%20Portal/community/images/Al_Suwan/_DSC1825-1728555726.jpg,Al Suwan,Aqaar,https://prodadmin-aqaar.realcube.estate/api/globalSearch?search=Al%20Suwan&pageNumber=1&pageSize=100
project_image_10b8dd4b_0ad1_e811_a2b8_00155d119707,image,Al Tameer primary image,https://res.cloudinary.com/dotdjffbb/image/upload/q_auto/f_auto/v1728554331/Aqaar/Main%20Portal/community/images/Al_Tameer/_DSC1785-1728554331.jpg,Al Tameer,Aqaar,https://prodadmin-aqaar.realcube.estate/api/globalSearch?search=Al%20Tameer&pageNumber=1&pageSize=100
project_image_a8b8dd4b_0ad1_e811_a2b8_00155d119707,image,Al Thuraya 1 primary image,https://res.cloudinary.com/dotdjffbb/image/upload/q_auto/f_auto/v1728880030/Aqaar/Main%20Portal/community/images/Al_Thuraya_1/43-1728880030.png,Al Thuraya 1,Aqaar,https://prodadmin-aqaar.realcube.estate/api/globalSearch?search=Al%20Thuraya%201&pageNumber=1&pageSize=100
project_image_aab8dd4b_0ad1_e811_a2b8_00155d119707,image,Al Thuraya 2 primary image,https://res.cloudinary.com/dotdjffbb/image/upload/q_auto/f_auto/v1728880599/Aqaar/Main%20Portal/community/images/Al_Thuraya_2/%D8%B3%D8%B3%D8%B3%D8%B3-1728880599.png,Al Thuraya 2,Aqaar,https://prodadmin-aqaar.realcube.estate/api/globalSearch?search=Al%20Thuraya%202&pageNumber=1&pageSize=100
project_image_acb8dd4b_0ad1_e811_a2b8_00155d119707,image,Al Thuraya 3 primary image,https://res.cloudinary.com/dotdjffbb/image/upload/q_auto/f_auto/v1728880634/Aqaar/Main%20Portal/community/images/Al_Thuraya_3/_DSC1982-1728880634.jpg,Al Thuraya 3,Aqaar,https://prodadmin-aqaar.realcube.estate/api/globalSearch?search=Al%20Thuraya%203&pageNumber=1&pageSize=100
project_image_42b8dd4b_0ad1_e811_a2b8_00155d119707,image,Al Yasmeen Complex primary image,https://res.cloudinary.com/dotdjffbb/image/upload/q_auto/f_auto/v1728877363/Aqaar/Main%20Portal/community/images/Al_Yasmeen_Complex/image00004-1728877363.jpg,Al Yasmeen Complex,Aqaar,https://prodadmin-aqaar.realcube.estate/api/globalSearch?search=Al%20Yasmeen%20%20Complex&pageNumber=1&pageSize=100
project_image_beabdf96_e122_e911_a2b8_00155d119707,image,Al Zahir primary image,https://res.cloudinary.com/dotdjffbb/image/upload/q_auto/f_auto/v1728631328/Aqaar/Main%20Portal/community/images/Al_Zahir/Al%20Zahir-1728631327.png,Al Zahir,Aqaar,https://prodadmin-aqaar.realcube.estate/api/globalSearch?search=Al%20Zahir&pageNumber=1&pageSize=100
project_image_02b8dd4b_0ad1_e811_a2b8_00155d119707,image,Al Zahra Complex primary image,https://res.cloudinary.com/dotdjffbb/image/upload/q_auto/f_auto/v1728623473/Aqaar/Main%20Portal/community/images/Al_Zahra_Complex/_DSC1598-1728623473.jpg,Al Zahra Complex,Aqaar,https://prodadmin-aqaar.realcube.estate/api/globalSearch?search=Al%20Zahra%20Complex&pageNumber=1&pageSize=100
project_image_6c1c103f_f0f0_ea11_a2c4_00155d119619,image,Al-Khour Tower C primary image,https://res.cloudinary.com/dotdjffbb/image/upload/q_auto/f_auto/v1727939297/Aqaar/Main%20Portal/community/images/Al_Khour_Tower_C/2704%20-1-1727939297.jpg,Al-Khour Tower C,Aqaar,https://prodadmin-aqaar.realcube.estate/api/globalSearch?search=Al-Khour%20Tower%20C&pageNumber=1&pageSize=100
project_image_eeb7dd4b_0ad1_e811_a2b8_00155d119707,image,AL-Khour Towers primary image,https://res.cloudinary.com/dotdjffbb/image/upload/q_auto/f_auto/v1728454108/Aqaar/Main%20Portal/community/images/AL_Khour_Towers/AL-Khour%20Towers-1728454108.png,AL-Khour Towers,Aqaar,https://prodadmin-aqaar.realcube.estate/api/globalSearch?search=AL-Khour%20Towers&pageNumber=1&pageSize=100
project_image_1ab8dd4b_0ad1_e811_a2b8_00155d119707,image,Asayel 1 primary image,https://res.cloudinary.com/dotdjffbb/image/upload/q_auto/f_auto/v1728474250/Aqaar/Main%20Portal/community/images/Asayel_1/_DSC1474-1728474249.jpg,Asayel 1,Aqaar,https://prodadmin-aqaar.realcube.estate/api/globalSearch?search=Asayel%201&pageNumber=1&pageSize=100
project_image_a0b8dd4b_0ad1_e811_a2b8_00155d119707,image,Asayel 2 primary image,https://res.cloudinary.com/dotdjffbb/image/upload/q_auto/f_auto/v1728629388/Aqaar/Main%20Portal/community/images/Asayel_2/_DSC2015-1728629388.jpg,Asayel 2,Aqaar,https://prodadmin-aqaar.realcube.estate/api/globalSearch?search=Asayel%202&pageNumber=1&pageSize=100
project_image_30b8dd4b_0ad1_e811_a2b8_00155d119707,image,City Towers primary image,https://res.cloudinary.com/dotdjffbb/image/upload/q_auto/f_auto/v1727784220/Aqaar/Main%20Portal/community/images/City_Towers/City%20towers%20%283%29-1727784219.jpg,City Towers,Aqaar,https://prodadmin-aqaar.realcube.estate/api/globalSearch?search=City%20Towers&pageNumber=1&pageSize=100
project_image_04b8dd4b_0ad1_e811_a2b8_00155d119707,image,Commercial Complex primary image,https://res.cloudinary.com/dotdjffbb/image/upload/q_auto/f_auto/v1728553750/Aqaar/Main%20Portal/community/images/Commercial_Complex/_DSC1851-1728553749.jpg,Commercial Complex,Aqaar,https://prodadmin-aqaar.realcube.estate/api/globalSearch?search=Commercial%20Complex&pageNumber=1&pageSize=100
project_image_16b8dd4b_0ad1_e811_a2b8_00155d119707,image,Corniche Tower primary image,https://res.cloudinary.com/dotdjffbb/image/upload/q_auto/f_auto/v1728552955/Aqaar/Main%20Portal/community/images/Corniche_Tower/Corniche-Tower-Ajman-1728552955.jpg,Corniche Tower,Aqaar,https://prodadmin-aqaar.realcube.estate/api/globalSearch?search=Corniche%20Tower&pageNumber=1&pageSize=100
project_image_aeb8dd4b_0ad1_e811_a2b8_00155d119707,image,Crystal primary image,https://res.cloudinary.com/dotdjffbb/image/upload/q_auto/f_auto/v1728879163/Aqaar/Main%20Portal/community/images/Crystal/_DSC1996-1728879163.png,Crystal,Aqaar,https://prodadmin-aqaar.realcube.estate/api/globalSearch?search=Crystal&pageNumber=1&pageSize=100
project_image_38b8dd4b_0ad1_e811_a2b8_00155d119707,image,Crystal 1 primary image,https://res.cloudinary.com/dotdjffbb/image/upload/q_auto/f_auto/v1728903792/Aqaar/Main%20Portal/community/images/Crystal_1/uehcud-1728903792.png,Crystal 1,Aqaar,https://prodadmin-aqaar.realcube.estate/api/globalSearch?search=Crystal%201&pageNumber=1&pageSize=100
project_image_eab7dd4b_0ad1_e811_a2b8_00155d119707,image,Dewan Towers primary image,https://res.cloudinary.com/dotdjffbb/image/upload/q_auto/f_auto/v1727939694/Aqaar/Main%20Portal/community/images/Dewan_Towers/Artboard%206-1727939694.png,Dewan Towers,Aqaar,https://prodadmin-aqaar.realcube.estate/api/globalSearch?search=Dewan%20Towers&pageNumber=1&pageSize=100
project_image_14b8dd4b_0ad1_e811_a2b8_00155d119707,image,Falcon Towers primary image,https://res.cloudinary.com/dotdjffbb/image/upload/q_auto/f_auto/v1728628987/Aqaar/Main%20Portal/community/images/Falcon_Towers/Picture1-3-jpg-1728628987.png,Falcon Towers,Aqaar,https://prodadmin-aqaar.realcube.estate/api/globalSearch?search=Falcon%20Towers&pageNumber=1&pageSize=100
project_image_34b8dd4b_0ad1_e811_a2b8_00155d119707,image,Flamingo Building primary image,https://res.cloudinary.com/dotdjffbb/image/upload/q_auto/f_auto/v1728553194/Aqaar/Main%20Portal/community/images/Flamingo_Building/Flamingo%20Building-1728553194.png,Flamingo Building,Aqaar,https://prodadmin-aqaar.realcube.estate/api/globalSearch?search=Flamingo%20Building&pageNumber=1&pageSize=100
project_image_36b8dd4b_0ad1_e811_a2b8_00155d119707,image,Flamingo Villas primary image,https://res.cloudinary.com/dotdjffbb/image/upload/q_auto/f_auto/v1728553045/Aqaar/Main%20Portal/community/images/Flamingo_Villas/_DSC1946-1728553044.jpg,Flamingo Villas,Aqaar,https://prodadmin-aqaar.realcube.estate/api/globalSearch?search=Flamingo%20Villas&pageNumber=1&pageSize=100
project_image_bd3ddba0_76fe_eb11_a2c8_00155d119619,image,Galleria Mall primary image,https://res.cloudinary.com/dotdjffbb/image/upload/q_auto/f_auto/v1728624186/Aqaar/Main%20Portal/community/images/Galleria_Mall/2017-11-28-1728624186.jpg,Galleria Mall,Aqaar,https://prodadmin-aqaar.realcube.estate/api/globalSearch?search=Galleria%20Mall&pageNumber=1&pageSize=100
project_image_7d307ab5_a6a9_ea11_a2c3_00155d119619,image,Garden City primary image,https://res.cloudinary.com/dotdjffbb/image/upload/q_auto/f_auto/v1728552809/Aqaar/Main%20Portal/community/images/Garden_City/_DSC1922-1728552808.jpg,Garden City,Aqaar,https://prodadmin-aqaar.realcube.estate/api/globalSearch?search=Garden%20City&pageNumber=1&pageSize=100
project_image_e4b7dd4b_0ad1_e811_a2b8_00155d119707,image,Grand primary image,https://res.cloudinary.com/dotdjffbb/image/upload/q_auto/f_auto/v1726688673/Aqaar/Main%20Portal/community/images/Grand/PSX_20220117_203653-min-1726688672.jpg,Grand,Aqaar,https://prodadmin-aqaar.realcube.estate/api/globalSearch?search=Grand&pageNumber=1&pageSize=100
project_image_f4b7dd4b_0ad1_e811_a2b8_00155d119707,image,Horizon Towers primary image,https://res.cloudinary.com/dotdjffbb/image/upload/q_auto/f_auto/v1728453916/Aqaar/Main%20Portal/community/images/Horizon_Towers/Horizon%20Towers-1728453916.png,Horizon Towers,Aqaar,https://prodadmin-aqaar.realcube.estate/api/globalSearch?search=Horizon%20Towers&pageNumber=1&pageSize=100
project_image_9ab8dd4b_0ad1_e811_a2b8_00155d119707,image,Lewara primary image,https://res.cloudinary.com/dotdjffbb/image/upload/q_auto/f_auto/v1728300215/Aqaar/Main%20Portal/community/images/Lewara/_DSC1500-1728300215.jpg,Lewara,Aqaar,https://prodadmin-aqaar.realcube.estate/api/globalSearch?search=Lewara&pageNumber=1&pageSize=100
project_image_4cb8dd4b_0ad1_e811_a2b8_00155d119707,image,Manama Flats primary image,https://res.cloudinary.com/dotdjffbb/image/upload/q_auto/f_auto/v1728877571/Aqaar/Main%20Portal/community/images/Manama_Flats/WhatsApp%20Image%202024-10-11%20at%2011.04.30%20AM-1728877571.jpg,Manama Flats,Aqaar,https://prodadmin-aqaar.realcube.estate/api/globalSearch?search=Manama%20Flats&pageNumber=1&pageSize=100
project_image_84b8dd4b_0ad1_e811_a2b8_00155d119707,image,Masfoot Buildings primary image,https://res.cloudinary.com/dotdjffbb/image/upload/q_auto/f_auto/v1728623036/Aqaar/Main%20Portal/community/images/Masfoot_Buildings/MASFOOT%20B-1728623035.jpg,Masfoot Buildings,Aqaar,https://prodadmin-aqaar.realcube.estate/api/globalSearch?search=Masfoot%20Buildings&pageNumber=1&pageSize=100
project_image_b514b2db_08f8_ea11_a2c5_00155d119619,image,Musherif Villas primary image,https://res.cloudinary.com/dotdjffbb/image/upload/q_auto/f_auto/v1755506938/Aqaar/Main%20Portal/community/images/Musherif_Villas/mv%20%281%29-1755506938.png,Musherif Villas,Aqaar,https://prodadmin-aqaar.realcube.estate/api/globalSearch?search=Musherif%20Villas&pageNumber=1&pageSize=100
project_image_e9afbd0c_b405_ee11_a2bc_00155d119841,image,New Musherif Villas primary image,https://res.cloudinary.com/dotdjffbb/image/upload/q_auto/f_auto/v1781252697/Aqaar/Main%20Portal/community/images/New_Musherif_Villas/New%20Musherif%20Villas-1781252697.png,New Musherif Villas,Aqaar,https://prodadmin-aqaar.realcube.estate/api/globalSearch?search=New%20Musherif%20Villas&pageNumber=1&pageSize=100
project_image_f0b7dd4b_0ad1_e811_a2b8_00155d119707,image,Nuaiemiyah Towers primary image,https://res.cloudinary.com/dotdjffbb/image/upload/q_auto/f_auto/v1728552890/Aqaar/Main%20Portal/community/images/Nuaiemiyah_Towers/_DSC1971-1728552890.jpg,Nuaiemiyah Towers,Aqaar,https://prodadmin-aqaar.realcube.estate/api/globalSearch?search=Nuaiemiyah%20Towers&pageNumber=1&pageSize=100
project_image_0cb8dd4b_0ad1_e811_a2b8_00155d119707,image,Old Quds primary image,https://res.cloudinary.com/dotdjffbb/image/upload/q_auto/f_auto/v1728553896/Aqaar/Main%20Portal/community/images/Old_Quds/_DSC1840-1728553896.jpg,Old Quds,Aqaar,https://prodadmin-aqaar.realcube.estate/api/globalSearch?search=Old%20Quds&pageNumber=1&pageSize=100
project_image_bd8bd1e6_0420_e911_a2b8_00155d119707,image,Orient Towers primary image,https://res.cloudinary.com/dotdjffbb/image/upload/q_auto/f_auto/v1727939561/Aqaar/Main%20Portal/community/images/Orient_Towers/orient%20skyline-1727939561.jpg,Orient Towers,Aqaar,https://prodadmin-aqaar.realcube.estate/api/globalSearch?search=Orient%20Towers&pageNumber=1&pageSize=100
project_image_f2b7dd4b_0ad1_e811_a2b8_00155d119707,image,Rashidia Towers primary image,https://res.cloudinary.com/dotdjffbb/image/upload/q_auto/f_auto/v1728454252/Aqaar/Main%20Portal/community/images/Rashidia_Towers/Rashidia%20Towers-1728454252.png,Rashidia Towers,Aqaar,https://prodadmin-aqaar.realcube.estate/api/globalSearch?search=Rashidia%20Towers&pageNumber=1&pageSize=100
project_image_4ab8dd4b_0ad1_e811_a2b8_00155d119707,image,Traditional Houses - Al Manama primary image,https://res.cloudinary.com/dotdjffbb/image/upload/q_auto/f_auto/v1728629297/Aqaar/Main%20Portal/community/images/Traditional_Houses_Al_Manama/WhatsApp%20Image%202024-10-11%20at%209.49.14%20AM%20%281%29-1728629297.png,Traditional Houses - Al Manama,Aqaar,https://prodadmin-aqaar.realcube.estate/api/globalSearch?search=Traditional%20Houses%20-%20Al%20Manama&pageNumber=1&pageSize=100
